{
  "hash": "d18283e7",
  "configHash": "18881140",
  "lockfileHash": "77a5ef05",
  "browserHash": "1ca18718",
  "optimized": {
    "@angular/common": {
      "src": "../../../../../node_modules/@angular/common/fesm2022/common.mjs",
      "file": "@angular_common.js",
      "fileHash": "e967feb4",
      "needsInterop": false
    },
    "@angular/common/http": {
      "src": "../../../../../node_modules/@angular/common/fesm2022/http.mjs",
      "file": "@angular_common_http.js",
      "fileHash": "8315b74f",
      "needsInterop": false
    },
    "@angular/core": {
      "src": "../../../../../node_modules/@angular/core/fesm2022/core.mjs",
      "file": "@angular_core.js",
      "fileHash": "74ff2d83",
      "needsInterop": false
    },
    "@angular/core/rxjs-interop": {
      "src": "../../../../../node_modules/@angular/core/fesm2022/rxjs-interop.mjs",
      "file": "@angular_core_rxjs-interop.js",
      "fileHash": "7de2d57c",
      "needsInterop": false
    },
    "@angular/forms": {
      "src": "../../../../../node_modules/@angular/forms/fesm2022/forms.mjs",
      "file": "@angular_forms.js",
      "fileHash": "ee499d3b",
      "needsInterop": false
    },
    "@angular/platform-browser": {
      "src": "../../../../../node_modules/@angular/platform-browser/fesm2022/platform-browser.mjs",
      "file": "@angular_platform-browser.js",
      "fileHash": "aaa3c134",
      "needsInterop": false
    },
    "@angular/platform-browser/animations": {
      "src": "../../../../../node_modules/@angular/platform-browser/fesm2022/animations.mjs",
      "file": "@angular_platform-browser_animations.js",
      "fileHash": "b849fa5e",
      "needsInterop": false
    },
    "@angular/router": {
      "src": "../../../../../node_modules/@angular/router/fesm2022/router.mjs",
      "file": "@angular_router.js",
      "fileHash": "91b62616",
      "needsInterop": false
    },
    "@coreui/angular": {
      "src": "../../../../../node_modules/@coreui/angular/fesm2022/coreui-angular.mjs",
      "file": "@coreui_angular.js",
      "fileHash": "cea88414",
      "needsInterop": false
    },
    "@coreui/icons": {
      "src": "../../../../../node_modules/@coreui/icons/dist/esm/index.js",
      "file": "@coreui_icons.js",
      "fileHash": "98e21b80",
      "needsInterop": false
    },
    "@coreui/icons-angular": {
      "src": "../../../../../node_modules/@coreui/icons-angular/fesm2022/coreui-icons-angular.mjs",
      "file": "@coreui_icons-angular.js",
      "fileHash": "a604b3ba",
      "needsInterop": false
    },
    "@emailjs/browser": {
      "src": "../../../../../node_modules/@emailjs/browser/es/index.js",
      "file": "@emailjs_browser.js",
      "fileHash": "ac83609e",
      "needsInterop": false
    },
    "leaflet": {
      "src": "../../../../../node_modules/leaflet/dist/leaflet-src.js",
      "file": "leaflet.js",
      "fileHash": "5997f1bf",
      "needsInterop": true
    },
    "leaflet-control-geocoder/dist/Control.Geocoder.js": {
      "src": "../../../../../node_modules/leaflet-control-geocoder/dist/Control.Geocoder.js",
      "file": "leaflet-control-geocoder_dist_Control__Geocoder__js.js",
      "fileHash": "9a320c00",
      "needsInterop": true
    },
    "ngx-scrollbar": {
      "src": "../../../../../node_modules/ngx-scrollbar/fesm2022/ngx-scrollbar.mjs",
      "file": "ngx-scrollbar.js",
      "fileHash": "ea31195f",
      "needsInterop": false
    },
    "rxjs": {
      "src": "../../../../../node_modules/rxjs/dist/esm5/index.js",
      "file": "rxjs.js",
      "fileHash": "0d21aab2",
      "needsInterop": false
    },
    "rxjs/operators": {
      "src": "../../../../../node_modules/rxjs/dist/esm5/operators/index.js",
      "file": "rxjs_operators.js",
      "fileHash": "6adc722e",
      "needsInterop": false
    }
  },
  "chunks": {
    "chunk-V4YNR4LI": {
      "file": "chunk-V4YNR4LI.js"
    },
    "chunk-PUVVZWQS": {
      "file": "chunk-PUVVZWQS.js"
    },
    "chunk-ORQSIZSA": {
      "file": "chunk-ORQSIZSA.js"
    },
    "chunk-CMMBKBUE": {
      "file": "chunk-CMMBKBUE.js"
    },
    "chunk-TDYRLRGV": {
      "file": "chunk-TDYRLRGV.js"
    },
    "chunk-H2774DAX": {
      "file": "chunk-H2774DAX.js"
    },
    "chunk-UW6FWEOD": {
      "file": "chunk-UW6FWEOD.js"
    },
    "chunk-VLIYQAEX": {
      "file": "chunk-VLIYQAEX.js"
    },
    "chunk-WS5CSNII": {
      "file": "chunk-WS5CSNII.js"
    },
    "chunk-SG3BCSKH": {
      "file": "chunk-SG3BCSKH.js"
    },
    "chunk-SAVXX6OM": {
      "file": "chunk-SAVXX6OM.js"
    },
    "chunk-PQ7O3X3G": {
      "file": "chunk-PQ7O3X3G.js"
    },
    "chunk-UQ2RIRR7": {
      "file": "chunk-UQ2RIRR7.js"
    }
  }
}